<?xml version="1.0" encoding="UTF-8"?><rss xmlns:dc="http://purl.org/dc/elements/1.1/" xmlns:content="http://purl.org/rss/1.0/modules/content/" xmlns:atom="http://www.w3.org/2005/Atom" version="2.0"><channel><title><![CDATA[Jæren Sjakklubb]]></title><description><![CDATA[jaerensk]]></description><link>https://www.xn--jrensjakk-g3a.no</link><generator>RSS for Node</generator><lastBuildDate>Thu, 04 Jul 2024 18:18:41 GMT</lastBuildDate><atom:link href="https://www.xn--jrensjakk-g3a.no/blog-feed.xml" rel="self" type="application/rss+xml"/><item><title><![CDATA[Det gror godt i Jæren Sjakklubb]]></title><description><![CDATA[5 glade sjakkspillere fra Jæren Sjakklubb etter 6 partier i nybegynnerklassen i Mai BGP. Alle lærte noe og koste seg med en lang dag...]]></description><link>https://www.xn--jrensjakk-g3a.no/single-post/det-gror-godt-i-j%C3%A6ren-sjakklubb</link><guid isPermaLink="false">6637b3253ede2e8ef1ea6003</guid><pubDate>Sun, 05 May 2024 16:34:40 GMT</pubDate><enclosure url="https://static.wixstatic.com/media/1f212a_2833878db4b24270a34685386332a5b8~mv2.jpg/v1/fit/w_1000,h_1000,al_c,q_80/file.png" length="0" type="image/png"/><dc:creator>hansvigleikjakobsen</dc:creator><content:encoded><![CDATA[<figure><img src="https://static.wixstatic.com/media/1f212a_2833878db4b24270a34685386332a5b8~mv2.jpg/v1/fit/w_1000,h_1000,al_c,q_80/file.png"></figure>
<p>5 glade sjakkspillere fra Jæren Sjakklubb etter 6 partier i nybegynnerklassen i Mai BGP. 
Alle lærte noe og koste seg med en lang dag dedikert til sjakk. Emil stakk av med 3. plassen.

På slutten gikk de og feiret en flott dag på McDonald&apos;s ;-)</p>
<p>
<a href="https://tournamentservice.com/standings.aspx?TID=MaiBGPStavangerSKU2024-StavangerSKU&group=Nybegynner" target="_blank">Resultatlister (</a><a href="http://tournamentservice.com" target="_blank">tournamentservice.com</a><a href="https://tournamentservice.com/standings.aspx?TID=MaiBGPStavangerSKU2024-StavangerSKU&group=Nybegynner" target="_blank">)</a></p>
<p><br /></p>
<p>(Jæren SKU er under etablering - så våre spillere som deltok i denne turneringen representerte Hå Skulesjakk)</p>
<p><br /></p>]]></content:encoded></item><item><title><![CDATA[Sjakkopplæring]]></title><description><![CDATA[Vi spiller ikke bare turneringer på våre klubbkvelder. Vi driver også med sjakkopplæring for barn og unge ;-)  Kl 18:00 har vi...]]></description><link>https://www.xn--jrensjakk-g3a.no/single-post/sjakkoppl%C3%A6ring</link><guid isPermaLink="false">65e467fee9eea35096700721</guid><pubDate>Sun, 03 Mar 2024 12:22:26 GMT</pubDate><enclosure url="https://static.wixstatic.com/media/1f212a_a435ff1335784af59d3ffa5992364786~mv2.jpg/v1/fit/w_664,h_500,al_c,q_80/file.png" length="0" type="image/png"/><dc:creator>hansvigleikjakobsen</dc:creator><content:encoded><![CDATA[<figure><img src="https://static.wixstatic.com/media/1f212a_a435ff1335784af59d3ffa5992364786~mv2.jpg/v1/fit/w_664,h_500,al_c,q_80/file.png"></figure>
<p>Vi spiller ikke bare turneringer på våre klubbkvelder. Vi driver også med sjakkopplæring for barn og unge ;-)

Kl 18:00 har vi undervisning for nybegynnere, kl 19:00 for viderekomne.

Det er ungdommer i klubben som står for undervisningen. Ofte starter vi med litt opplæring, deretter </p>
<p>spilling/turnering for å sette teori ut i praksis.</p>
<p>
Er dette noe du kan være intressert i? Møt opp litt før kl 18 på en onsdag, så tar vi det derfra ;-)</p>
<p>(også voksne som ønsker å lære/bli bedre i sjakk, er hjertelig velkomne)

</p>
<p><br /></p>
<p><br /></p>]]></content:encoded></item><item><title><![CDATA[Vestlandsserien Sør 2023/2024]]></title><description><![CDATA[Vestlandsserien Sør gikk av stabelen på Tjensvoll Bydelshus 2.-4. februar. Våre to lag gjorde sine saker veldig bra - Jæren 1 kom på 3....]]></description><link>https://www.xn--jrensjakk-g3a.no/single-post/vestlandsserien-s%C3%B8r-2023-2024</link><guid isPermaLink="false">65c13ca364c9ba1231a657ac</guid><pubDate>Mon, 05 Feb 2024 20:00:02 GMT</pubDate><dc:creator>hansvigleikjakobsen</dc:creator><content:encoded><![CDATA[<p><span style="color: rgb(5, 5, 5);"><span style="background-color: rgb(255, 255, 255);">Vestlandsserien Sør gikk av stabelen på Tjensvoll Bydelshus 2.-4. februar. </span></span>
Våre to lag gjorde sine saker veldig bra <span style="color: rgb(5, 5, 5);"><span style="background-color: rgb(255, 255, 255);">- Jæren 1 kom på 3. plass i 1.divisjon, og Jæren 2 vant 2. divisjon. </span></span>

Gratulerer ;-)
</p>
<p><u><a href="https://tournamentservice.com/standings.aspx?TID=VestlandsserienSor2024-StavangerSjakklubb" rel="noreferrer" target="_blank">Resultatene finner du her</a></u></p>
<p><br /></p>]]></content:encoded></item><item><title><![CDATA[Terminliste vår 2024]]></title><description><![CDATA[Terminlisten for våren er nå klar. Vi forsøker oss på litt av hvert før sommeren. Det blir både FIDE-rated hurtigsjakk og lynsjakk,...]]></description><link>https://www.xn--jrensjakk-g3a.no/single-post/terminliste-v%C3%A5r-2024</link><guid isPermaLink="false">65b54288f31bc6824599363c</guid><pubDate>Sat, 27 Jan 2024 17:55:55 GMT</pubDate><dc:creator>hansvigleikjakobsen</dc:creator><content:encoded><![CDATA[<p>Terminlisten for våren er nå klar. 
<u>Vi</u> forsøker oss på litt av hvert før sommeren. Det blir både FIDE-rated hurtigsjakk og lynsjakk, armageddon-turnering samt en gammel traver: Ringsjakk ;-). Det blir masse sjakkmoro på Bryne denne våren ;-)</p>
<p><br /></p>
<p>Terminlisten finner du <a href="https://www.xn--jrensjakk-g3a.no/terminliste" target="_blank">her</a></p>
<p> 
NB: Klubbkveldene starter kl 18:00 hvis ikke annet angitt.</p>
<p><br /></p>]]></content:encoded></item><item><title><![CDATA[Grensesnitt AS støtter Jæren Sjakklubb]]></title><description><![CDATA[Jæren Sjakklubb har vært så heldige å få 10.000 kr i støtte fra Grensesnitt AS!
...]]></description><link>https://www.xn--jrensjakk-g3a.no/single-post/grensesnitt-as-st%C3%B8tter-j%C3%A6ren-sjakklubb</link><guid isPermaLink="false">656c736e2c3e369092ea40fd</guid><pubDate>Sun, 03 Dec 2023 12:34:31 GMT</pubDate><dc:creator>hansvigleikjakobsen</dc:creator><content:encoded><![CDATA[<p>Jæren Sjakklubb har vært så heldige å få 10.000 kr i støtte fra Grensesnitt AS!
Pengene skal gå til aktiviteter for barn og unge, og vil bl.a. bli brukt til å finansiere trener, opplæringsmidler og dekning av turneringsavgifter.</p>
<p><br /></p>
<p>Styret i Jæren Sjakklubb ønsker å rette en stor takk til Grensesnitt AS for tildelingen - vi er stolte av at Grensesnitt ser verdien av å støtte Jæren Sjakklubb&apos;s arbeid rettet mot barn og unge.
</p>
<p>Vi oppfordrer alle våre medlemmer (og andre) til å gjøre seg kjent med Grensesnitt AS
</p>
<figure><img src="https://static.wixstatic.com/media/1f212a_41baf6c35daf4b37a9868994c8e5243d~mv2.png/v1/fit/w_1000,h_80,al_c,q_80/file.png"></figure>
<p><br /></p>
<p><br /></p>
<p><br /></p>
<p><br /></p>
<p><br /></p>
<p><br /></p>
<p><br /></p>
<p><br /></p>]]></content:encoded></item><item><title><![CDATA[Landsturneringen 2023 / NM i sjakk]]></title><description><![CDATA[30. juni til 8.juli gikk Landsturneringen 2023 av stabelen i Vallhall Arena i Oslo. 5 medlemmer stilte I hovedturneringen (langsjakk)....]]></description><link>https://www.xn--jrensjakk-g3a.no/single-post/landsturneringen-2023-nm-i-sjakk</link><guid isPermaLink="false">64ac50f56f723b90876b0812</guid><pubDate>Mon, 10 Jul 2023 18:48:49 GMT</pubDate><enclosure url="https://static.wixstatic.com/media/1f212a_8730ee60bcc7444ba792d13b4a39c143~mv2.jpg/v1/fit/w_768,h_1000,al_c,q_80/file.png" length="0" type="image/png"/><dc:creator>hansvigleikjakobsen</dc:creator><content:encoded><![CDATA[<p>30. juni til 8.juli gikk Landsturneringen 2023 av stabelen i Vallhall Arena i Oslo.</p>
<p>5 medlemmer stilte I hovedturneringen (langsjakk). </p>
<figure><img src="https://static.wixstatic.com/media/1f212a_8730ee60bcc7444ba792d13b4a39c143~mv2.jpg/v1/fit/w_768,h_1000,al_c,q_80/file.png"title="David med sølvpokalene"></figure>
<p>Etter ni runder endte det slik:</p>
<p> </p>
<p>Klasse Lilleputt:</p>
<p>	David : nr 2 (7/9) </p>
<p>	Nicolai: nr 35 (4/9)</p>
<p>
Klasse 4:</p>
<p>	Sondre: nr 19 (5/9)</p>
<p>
Klasse 2:</p>
<p>	Knut Jarle:  nr 5 (6/9)</p>
<p>
Klasse senior B:</p>
<p>	Stein Åge: nr 3 (6.5/9) </p>
<p> </p>
<p>Gratulerer alle sammen - veldig bra innsats - er ikke hvert år at en så liten klubb stikker av med to pallplasser </p>
<p> </p>
<p>I NM I lynsjakk stilte vi med 4 deltagere. David gikk videre fra innledende runder, og ble til slutt nummer to i sin klasse - nok en pallplass, altså. Gratulerer, David!</p>
<p> </p>
<p>Mer informasjon om landsturneringen 2023 (med resultater) finner du her:</p>
<p><a href="https://nm2023.no/" target="_blank">Sjakk-NM 2023 – Landsturneringen 2023 i Oslo: 30. juni -8. juli</a></p>]]></content:encoded></item><item><title><![CDATA[Terminliste vår 2023 : vi kårer "Jærmesteren"]]></title><description><![CDATA[Terminlisten for våren er nå klar. Det blir stort sett forskjellige former for lynsjakk, samt noe hurtigsjakk. Lynsjakkturnering hvor vi...]]></description><link>https://www.xn--jrensjakk-g3a.no/single-post/terminliste-v%C3%A5r-2023-vi-k%C3%A5rer-j%C3%A6rmesteren</link><guid isPermaLink="false">63cbb433b1d98ab115495dd9</guid><pubDate>Sat, 21 Jan 2023 09:49:38 GMT</pubDate><dc:creator>hansvigleikjakobsen</dc:creator><content:encoded><![CDATA[<p>Terminlisten for våren er nå klar. 
Det blir stort sett forskjellige former for lynsjakk, samt noe hurtigsjakk. 
Lynsjakkturnering hvor vi kårer klubbmester og siste hurtigsjakkturnering  Fide-rates.</p>
<p><br /></p>
<p>Vi tar opp igjen konseptet med &quot;Jærmesteren&quot; - en maratontabell der hver klubbkveld gir poeng som teller i sammendraget inn mot sommeren. Siste klubbkveld før sommeren kårer vi &quot;Jærmester 2023&quot; - den med totalt flest poeng i løpet av vårsemesteret.</p>
<p>Håper å se deg ofte på klubbkveldene i vår ;-)</p>
<p><br /></p>
<p>Terminlisen finner du <a href="https://www.xn--jrensjakk-g3a.no/terminliste" target="_blank">her</a></p>
<p> 
NB: Klubbkveldene starter kl 18:00 hvis ikke annet angitt.</p>]]></content:encoded></item><item><title><![CDATA[Juleavslutning med rated lynturnering]]></title><description><![CDATA[Onsdag 21. desember avslutter vi 2022 med å spille 9 runder lyn (5 min + 3 sek tillegg pr trekk). Turneringen FIDE-rates, så du må være...]]></description><link>https://www.xn--jrensjakk-g3a.no/single-post/juleavslutning-med-rated-lynturnering</link><guid isPermaLink="false">639ef790a4b7ebcaa0ad8c4a</guid><pubDate>Sun, 18 Dec 2022 11:24:33 GMT</pubDate><dc:creator>hansvigleikjakobsen</dc:creator><content:encoded><![CDATA[<p>Onsdag 21. desember avslutter vi 2022 med å spille 9 runder lyn (5 min + 3 sek tillegg pr trekk).</p>
<p>Turneringen FIDE-rates, så du må være medlem av en NSF-registrert sjakklubb for å delta
(er du ikke medlem i en NSF-klubb, ordner vi innmelding i Jæren Sjakklubb på stedet ;-))
</p>
<p>Jæren Sjakklubb sponser turneringsavgiften ;-).</p>
<p><br /></p>
<p>NB: Oppmøte senest kl 18:00!</p>
<p><br /></p>
<p>For påmelding og mer informasjon, se her:</p>
<p><u><a href="http://tournamentservice.com/invitation.aspx?TID=JuleLyn2022-Jarensjakklubb" target="_blank">http://tournamentservice.com/invitation.aspx?TID=JuleLyn2022-Jarensjakklubb</a></u> </p>
<p><br /></p>
<p><br /></p>]]></content:encoded></item><item><title><![CDATA[Jæren Sjakklubb inviterer til SJAKKFESTIVAL]]></title><description><![CDATA[SPILLEPLAN Fredag : Lynsjakk Lørdag : Lagsjakk med 2 spillere på hvert lag Søndag : Hurtigsjakk Alternativt: Fredag – Søndag : Langsjakk...]]></description><link>https://www.xn--jrensjakk-g3a.no/single-post/j%C3%A6ren-sjakklubb-inviterer-til-sjakkfestival</link><guid isPermaLink="false">633f1d1e6a2f73abbfb398b8</guid><pubDate>Thu, 06 Oct 2022 18:37:10 GMT</pubDate><enclosure url="https://static.wixstatic.com/media/1f212a_a90c583ccaf04e498a5ae33d41e8c416~mv2.png/v1/fit/w_283,h_206,al_c,q_80/file.png" length="0" type="image/png"/><dc:creator>hansvigleikjakobsen</dc:creator><content:encoded><![CDATA[<p><br /></p>
<figure><img src="https://static.wixstatic.com/media/1f212a_a90c583ccaf04e498a5ae33d41e8c416~mv2.png/v1/fit/w_283,h_206,al_c,q_80/file.png"></figure>
<p><br /></p>
<p style="text-align: left;">SPILLEPLAN</p>
<p style="text-align: left;">Fredag : Lynsjakk</p>
<p style="text-align: left;">Lørdag : Lagsjakk med 2 spillere på hvert lag</p>
<p style="text-align: left;">Søndag : Hurtigsjakk</p>
<p style="text-align: left;">Alternativt:</p>
<p style="text-align: left;">Fredag – Søndag : Langsjakk 5 runder (i eget rom)</p>
<p style="text-align: left;">Også FIDE ratede klasser .</p>
<p><br /></p>
<p><br /></p>
<p style="text-align: left;"><strong>PÅMELDING: </strong><a href="http://tournamentservice.com/invitation.aspx?TID=JarenOpen2022-Jarensjakklubb" target="_blank">LYN, HURTIG og  LANG</a><span style="color: #0000ff;">,     </span><strong>PÅMELDING: </strong><a href="https://tournamentservice.com/invitation.aspx?TID=JarenSjakkFestival-Lagsjakk2sp2022-Jarensjakklubb" target="_blank">LAGSJAKK</a><span style="color: #0000ff;"> </span> </p>
<p style="text-align: left;">eller søk opp turnering på <a href="https://tournamentservice.com/tournamentlist.aspx" target="_blank">https://tournamentservice.com/tournamentlist.aspx</a></p>
<p style="text-align: left;">eller søk på «rogsjakk», deretter trykk på link til turnering i «Terminliste».</p>
<p style="text-align: left;">For mer informasjon eller problemer med påmelding,  send epost til <a href="mailto:sjakkmatt@rocketmail.com" target="_blank">sjakkmatt@rocketmail.com</a> <span style="color: #3333ff;"> </span> </p>]]></content:encoded></item><item><title><![CDATA[Terminlisten for høsten 2022]]></title><description><![CDATA[Terminlisten for høsten er nå klar. Den finner du her NB: Klubbkveldene starter kl 18:00 hvis ikke annet angitt.]]></description><link>https://www.xn--jrensjakk-g3a.no/single-post/terminlisten-for-h%C3%B8sten-2022</link><guid isPermaLink="false">631b25e511f135dc3d4901e4</guid><pubDate>Fri, 09 Sep 2022 11:40:08 GMT</pubDate><dc:creator>hansvigleikjakobsen</dc:creator><content:encoded><![CDATA[<p>Terminlisten for høsten er nå klar. Den finner du <a href="https://www.xn--jrensjakk-g3a.no/terminliste" target="_blank">her</a></p>
<p> 
NB: Klubbkveldene starter kl 18:00 hvis ikke annet angitt.</p>
<p> </p>
<p> </p>]]></content:encoded></item><item><title><![CDATA[Vi starter tidligere på onsdagene]]></title><description><![CDATA[Fremover åpner vi dørene en halvtime tidligere - dvs kl 18:00! Vi fortsetter med lynsjakk nå på onsdag, og kommer tilbake med...]]></description><link>https://www.xn--jrensjakk-g3a.no/single-post/vi-starter-tidligere-p%C3%A5-onsdagene</link><guid isPermaLink="false">6315991c8ca2d1a6e9a3f1da</guid><pubDate>Mon, 05 Sep 2022 06:39:21 GMT</pubDate><dc:creator>hansvigleikjakobsen</dc:creator><content:encoded><![CDATA[<p>Fremover åpner vi dørene en halvtime tidligere - dvs kl 18:00!</p>
<p><br /></p>
<p>Vi fortsetter med lynsjakk nå på onsdag, og kommer tilbake med terminprogram i løpet av uken.</p>]]></content:encoded></item><item><title><![CDATA[Onsdag 31. august: Oppstart høstsemester - Lynsjakk]]></title><description><![CDATA[Vi starter opp igjen onsdag 31. august kl 18:30 med lynsjakk (3m + 2s). Som i vår skal vi være i personalkantinen (i 1.etg). Fullstendig...]]></description><link>https://www.xn--jrensjakk-g3a.no/single-post/onsdag-31-august-oppstart-h%C3%B8stsemester-lynsjakk</link><guid isPermaLink="false">630cec5b5466e9294c3d4dd0</guid><pubDate>Mon, 29 Aug 2022 16:42:56 GMT</pubDate><dc:creator>hansvigleikjakobsen</dc:creator><content:encoded><![CDATA[<p>Vi starter opp igjen <strong>onsdag 31. august kl 18:30</strong> med lynsjakk (3m + 2s).</p>
<p>Som i vår skal vi være i personalkantinen (i 1.etg).</p>
<p> </p>
<p>Fullstendig terminliste kommer vi tilbake til.
 </p>
<p>Håper å se mange nye og kjente fjes ta turen innom Bryne VGS i løpet av høsten. Velkommen ;-)</p>
<p> </p>
<p> </p>]]></content:encoded></item><item><title><![CDATA[Sommeravslutning / Klubbmesterskap]]></title><description><![CDATA[Onsdag 1. juni var det duket for SommerLYN - rated lynsjakkturnering - som samtidig også ble klubbmesterskap i lynsjakk. 18. deltakere...]]></description><link>https://www.xn--jrensjakk-g3a.no/single-post/sommeravslutning-klubbmesterskap</link><guid isPermaLink="false">6298baa44a7068065ffe7cc6</guid><pubDate>Thu, 02 Jun 2022 13:33:52 GMT</pubDate><enclosure url="https://static.wixstatic.com/media/1f212a_2ca7868cec884397a90a72d1c07f2da0~mv2.jpg/v1/fit/w_1000,h_1000,al_c,q_80/file.png" length="0" type="image/png"/><dc:creator>hansvigleikjakobsen</dc:creator><content:encoded><![CDATA[<p>Onsdag 1. juni var det duket for SommerLYN - rated lynsjakkturnering - som samtidig også ble klubbmesterskap i lynsjakk. 18. deltakere deltok, 15 fra Jæren Sjakklubb, og  tre fra andre klubber.</p>
<p>Til slutt var det Bjørn M. Ellingsen fra Stavanger som vant turneringen. 

Klubbmester lyn 2022 ble David Mindestrømmen Simonsen, etterfulgt av Oskar Feed Jakobsen og Arvid Feed Jakobsen. Gratulerer til alle ;-)</p>
<p><br /></p>
<p>Nå tar klubben sommerferie, men kommer sterkt tilbake igjen til høsten. Er bare å følge med her eller på facebook for info.  God sommer til dere alle ;-)</p>
<figure><img src="https://static.wixstatic.com/media/1f212a_2ca7868cec884397a90a72d1c07f2da0~mv2.jpg/v1/fit/w_1000,h_1000,al_c,q_80/file.png"></figure>
<p>Pallen i klubbmesterskapet: Oskar, David og Arvid</p>
<figure><img src="https://static.wixstatic.com/media/1f212a_a1fa4ba4e7f0459ea37fec65b4794c04~mv2.jpg/v1/fit/w_1000,h_1000,al_c,q_80/file.png"></figure>
<p>Glade klubbmedlemmer klare for sommerferien</p>]]></content:encoded></item><item><title><![CDATA[Sommeravslutningen blir 1.juni]]></title><description><![CDATA[Vi har blitt nødt til å endre litt på terminlisten. Vi tar sommeravslutningen en uke tidligere enn opprinnelig planlagt - dette pga...]]></description><link>https://www.xn--jrensjakk-g3a.no/single-post/sommeravslutningen-blir-1-juni</link><guid isPermaLink="false">627386e159210cf918c2f17c</guid><pubDate>Thu, 05 May 2022 08:14:46 GMT</pubDate><dc:creator>hansvigleikjakobsen</dc:creator><content:encoded><![CDATA[<p>Vi har blitt nødt til å endre litt på terminlisten. Vi tar sommeravslutningen en uke tidligere enn opprinnelig planlagt - dette pga Norway Chess-turneringen som spilles i Stavanger.</p>
<p><br /></p>
<p>Den 1. juni blir det sommeravslutning og klubbmesterskap i lynsjakk.</p>
<p>Turneringen rates, og alle er velkommen til å være med (siden turneringen rates, må man være medlem i en NSF-klubb, men det kan vi ordne på stedet om du ikke er det ;-))</p>]]></content:encoded></item><item><title><![CDATA[Resultat Vårturneringen Langsjakk 2022]]></title><description><![CDATA[Da var vårens langsjakkturnering unnagjort. Kanskje det blir høstsjakk også i år? Det ble spilt 5 runder - totalt var 26 spillere innom....]]></description><link>https://www.xn--jrensjakk-g3a.no/single-post/resultat-v%C3%A5rturneringen-langsjakk-2022</link><guid isPermaLink="false">627385cc24cf3d1adf640eca</guid><pubDate>Thu, 05 May 2022 08:11:22 GMT</pubDate><enclosure url="https://static.wixstatic.com/media/1f212a_63d4c96819614de8921d00bd0a5b7bac~mv2.png/v1/fit/w_1000,h_753,al_c,q_80/file.png" length="0" type="image/png"/><dc:creator>hansvigleikjakobsen</dc:creator><content:encoded><![CDATA[<p>Da var vårens langsjakkturnering unnagjort. Kanskje det blir høstsjakk også i år?</p>
<p>Det ble spilt 5 runder - totalt var 26 spillere innom.</p>
<p>Oskar Feed Jakobsen vant turneringen, etterfulgt av Elias V. Kristiansen og Håkon Abeland Myrheim.</p>
<p> </p>
<p>Gratulerer alle sammen ;-)</p>
<p> </p>
<p><br /></p>
<figure><img src="https://static.wixstatic.com/media/1f212a_63d4c96819614de8921d00bd0a5b7bac~mv2.png/v1/fit/w_1000,h_753,al_c,q_80/file.png"></figure>
<p><br /></p>
<p> </p>
<p> </p>
<p> </p>
<p> </p>
<p> </p>
<p> </p>
<p> </p>]]></content:encoded></item><item><title><![CDATA[Terminlisten for våren er klar]]></title><description><![CDATA[Vi satser på at det blir noe for enhver smak i løpet av våren. Langsjakkturneringen begynner 23. februar og løper annenhver klubbkveld...]]></description><link>https://www.xn--jrensjakk-g3a.no/single-post/terminlisten-for-v%C3%A5ren-er-klar</link><guid isPermaLink="false">62069372acdbda422ef7b3ee</guid><pubDate>Fri, 11 Feb 2022 16:52:15 GMT</pubDate><dc:creator>hansvigleikjakobsen</dc:creator><content:encoded><![CDATA[<p>Vi satser på at det blir noe for enhver smak i løpet av våren.</p>
<p>Langsjakkturneringen begynner 23. februar og løper annenhver klubbkveld til 4. mai.</p>
<p>(Den FIDE-rates, så man må være medlem i en NSF-klubb. Er du ikke det, ordner vi det ved oppmøte ;-))
De andre kveldene blir det lynsjakk. </p>
<p><br /></p>
<p>Vi avslutter med klubbmesterskap i lynsjakk ;-)</p>
<p><br /></p>
<p><u><a href="https://www.xn--jrensjakk-g3a.no/terminliste" target="_blank">Se terminlisten for mer info.</a></u> </p>]]></content:encoded></item><item><title><![CDATA[Klubbkvelder starter opp igjen]]></title><description><![CDATA[Endelig kavn vi starter opp med klubbkvelder igjen! Første kveld blir onsdag 26. januar. (fullstendig terminliste kommer vi tilbake til)...]]></description><link>https://www.xn--jrensjakk-g3a.no/single-post/klubbkvelder-starter-opp-igjen</link><guid isPermaLink="false">61e827d8eb0423001611ebce</guid><pubDate>Wed, 19 Jan 2022 15:03:53 GMT</pubDate><dc:creator>hansvigleikjakobsen</dc:creator><content:encoded><![CDATA[<p>Endelig kavn vi starter opp med klubbkvelder igjen!</p>
<p><br /></p>
<p>Første kveld blir <strong>onsdag 26. januar.</strong></p>
<p>(fullstendig terminliste kommer vi tilbake til)
Nå håper vi at vi er ferdig med pandemi-pauser ;-)</p>
<p><br /></p>
<p>Vi begynner med en liten lynsjakkturnering.</p>
<p>
Registrering ved oppmøte kl 18:30. 
</p>
<p>Velkommen ;-)</p>]]></content:encoded></item><item><title><![CDATA[Lynsjakkturneringen 15/12 er AVLYST ☹️]]></title><description><![CDATA[Pga smittesituasjonen og nye retningslinjer fra myndigheter, så ser vi oss nødt til å avlyse onsdagens turnering. Det betyr også at vi er...]]></description><link>https://www.xn--jrensjakk-g3a.no/single-post/lynsjakkturneringen-15-12-er-avlyst</link><guid isPermaLink="false">61b8590148166b00172b834a</guid><pubDate>Tue, 14 Dec 2021 08:43:25 GMT</pubDate><dc:creator>hansvigleikjakobsen</dc:creator><content:encoded><![CDATA[<p>Pga smittesituasjonen og nye retningslinjer fra myndigheter, så ser vi oss nødt til å avlyse onsdagens turnering. Det betyr også at vi er &quot;ferdigspilt&quot; for i år.</p>
<p><br /></p>
<p>Når vi starter opp igjen neste år er usikkert - det som er sikkert er at vi informerer her når vi kan finne frem sjakkbrikkene igjen.</p>
<p><br /></p>
<p>Pass på deg selv, bruk munnbind, sprit og hold avstand. Sjakk på nett er heldigvis &quot;innafor&quot; ♟</p>
<p><br /></p>
<p>Ha en riktig God Jul </p>]]></content:encoded></item><item><title><![CDATA[FIDE-ratede førjulsturneringer]]></title><description><![CDATA[I samarbeid med vår hovedsponsor, Jæren Sparebank, arrangerer vi FIDE-ratede hurtigsjakk og lynsjakk-turneringer i desember. Onsdag 1. og...]]></description><link>https://www.xn--jrensjakk-g3a.no/single-post/fide-ratede-f%C3%B8rjulsturneringer</link><guid isPermaLink="false">5f95528ff7ff470017f6d7c0</guid><pubDate>Sun, 21 Nov 2021 10:40:32 GMT</pubDate><dc:creator>Jæren Sjakklubb</dc:creator><content:encoded><![CDATA[<p>I samarbeid med vår hovedsponsor, Jæren Sparebank, arrangerer vi FIDE-ratede hurtigsjakk og lynsjakk-turneringer i desember. Onsdag 1. og onsdag 8. blir det hurtigsjakk, og 15. desember lynsjakk.</p>
<p>Turneringene inngår i Norges Sjakkforbund&apos;s NGP (Norges Grand Prix).</p>
<p><br /></p>
<p>Du må være medlem av en NSF-registrert sjakklubb for å delta
(er du ikke medlem i en NSF-klubb, ordner vi innmelding i Jæren Sjakklubb på stedet ;-))
</p>
<p>Jæren Sjakklubb sponser turneringsavgiften for medlemmer som har betalt medlemskontigenten i 2021. 
Er du ikke medlem, så er det halv medlemsavgift resten av året, så ingen grunn til å ikke være med på dette ;-)</p>
<p>(gjelder A-medlemskap).</p>
<p><br /></p>
<p>For påmelding og mer informasjon om førjulsturneringene, se her:</p>
<p><br /></p>
<p><u><a href="http://tournamentservice.com/invitation.aspx?TID=Juleturnering-Hurtigsjakk2021-Jarensjakklubb&lang=nb-no" target="_blank">http://tournamentservice.com/invitation.aspx?TID=Juleturnering-Hurtigsjakk2021-Jarensjakklubb&amp;lang=nb-no</a></u> </p>
<p><br /></p>
<p><u><a href="http://tournamentservice.com/invitation.aspx?TID=JuleavslutningLYNrated2021-Jarensjakklubb&lang=nb-no" target="_blank">http://tournamentservice.com/invitation.aspx?TID=JuleavslutningLYNrated2021-Jarensjakklubb&amp;lang=nb-no</a></u> </p>
<p><br /></p>]]></content:encoded></item><item><title><![CDATA[Terminlisten for høsten 2021]]></title><description><![CDATA[Terminlisten for høsten er nå klar. Den finner du her Annen info: - hold deg hjemme hvis du er syk - ref. corona - turneringene i...]]></description><link>https://www.xn--jrensjakk-g3a.no/single-post/terminlisten-for-h%C3%B8sten-2021</link><guid isPermaLink="false">613e2e635ad35f0017f93f13</guid><pubDate>Sun, 12 Sep 2021 16:47:21 GMT</pubDate><dc:creator>hansvigleikjakobsen</dc:creator><content:encoded><![CDATA[<p>Terminlisten for høsten er nå klar. Den finner du <a href="https://www.xn--jrensjakk-g3a.no/terminliste" target="_blank">her</a></p>
<p> </p>
<p>Annen info:</p>
<p>- hold deg hjemme hvis du er syk - ref. corona</p>
<p>- turneringene i desember blir Fide-rated. Mer info kommer seinere.</p>
<p> </p>
<p> </p>]]></content:encoded></item></channel></rss>